URL,Text
/?sort=hot&page_idx=1,
https://shorten.asia/wUBF4rr3, Spider's Shop 
https://media.spiderum.com, Agency 
https://xuatban.spiderum.com, Publishing 
https://aboutus.spiderum.com/,Liên hệ
javascript:;,Đăng ký
javascript:;,Đăng nhập
javascript:;,Đăng bài viết
/bai-dang/Vu-tru-la-mot-phep-Dai-an-du-Phan-55-jtLC4iN4vS63,
/danh-muc/quan-diem-tranh-luan?sort=hot&page_idx=1,Quan điểm - Tranh luận
javascript:;,
/bai-dang/Vu-tru-la-mot-phep-Dai-an-du-Phan-55-jtLC4iN4vS63,Vũ trụ là một phép Đại ẩn dụ (Phần 5/5)
/nguoi-dung/longpham90099,
/nguoi-dung/longpham90099,
/nguoi-dung/longpham90099,Long90099 
/bai-dang/Tu-su-tuoi-30-9KqZUuBaHmiZ,
/danh-muc/phat-trien-ban-than?sort=hot&page_idx=1,Phát triển bản thân
javascript:;,
/bai-dang/Tu-su-tuoi-30-9KqZUuBaHmiZ,Tự sự tuổi 30 
/nguoi-dung/trinhngocdat,
/nguoi-dung/trinhngocdat,
/nguoi-dung/trinhngocdat,Trịnh Ngọc Đạt 
/bai-dang/CAM-BAY-THIEN-NqichD3y72Xv,
/danh-muc/quan-diem-tranh-luan?sort=hot&page_idx=1,Quan điểm - Tranh luận
javascript:;,
/bai-dang/CAM-BAY-THIEN-NqichD3y72Xv,CẠM BẪY THIỀN
/nguoi-dung/Sang1982,
/nguoi-dung/Sang1982,
/nguoi-dung/Sang1982,Sangdo 
/bai-dang/CAM-BAY-THIEN-NqichD3y72Xv,542
/bai-dang/Game-ban-dang-choi-phan-anh-tinh-cach-cua-ban-nhu-the-nao-aWNvtLL7D4nU,
/danh-muc/game?sort=hot&page_idx=1,Game
javascript:;,
/bai-dang/Game-ban-dang-choi-phan-anh-tinh-cach-cua-ban-nhu-the-nao-aWNvtLL7D4nU,Game bạn chơi phản ánh tính cách bạn thế nào? 
/nguoi-dung/Forensix,
/nguoi-dung/Forensix,
/nguoi-dung/Forensix,Hex 
/bai-dang/Game-ban-dang-choi-phan-anh-tinh-cach-cua-ban-nhu-the-nao-aWNvtLL7D4nU,689
https://s.shopee.vn/1B2GcP6VG8,
https://b.link/dvxbweb,
https://www.youtube.com/watch?v=D7mz41xPLUs,
https://www.youtube.com/watch?v=mGQb4P-vR0E,
https://www.youtube.com/@spiderum, Spiderum 
https://www.youtube.com/watch?v=USBhLuqI1Zw,
https://www.youtube.com/nguoitrongmuonnghe, Người Trong Muôn Nghề 
https://www.youtube.com/watch?v=2gtZpukMrn0,
https://www.youtube.com/@spiderum, Spiderum 
https://www.youtube.com/watch?v=M3mt0E2F7jE,
https://www.youtube.com/@spiderum, Spiderum 
/top-bai-viet,Xem TOP 10 bài viết
/bai-dang/3-quyen-sach-toi-se-recommend-cho-moi-nguoi-toi-gap-wKJTAykv8E5K,
javascript:;,
/bai-dang/3-quyen-sach-toi-se-recommend-cho-moi-nguoi-toi-gap-wKJTAykv8E5K,3 quyển sách tôi sẽ recommend cho bất kì ai tôi...
/nguoi-dung/Juvenile,
/nguoi-dung/Juvenile,
/nguoi-dung/Juvenile,Juvenil 
/bai-dang/Cam-nang-chong-soc-khi-nhap-ngu-dKqhAzT0rEE4,
javascript:;,
/bai-dang/Cam-nang-chong-soc-khi-nhap-ngu-dKqhAzT0rEE4,Cẩm nang chống sốc khi nhập ngũ
/nguoi-dung/chubeo,
/nguoi-dung/chubeo,
/nguoi-dung/chubeo,chubeo 
/bai-dang/Tu-phuc-tap-den-don-gian-Bi-quyet-hoc-tap-hieu-qua-tu-ky-thuat-Feynman-sGXZnonPbwxC,
javascript:;,
/bai-dang/Tu-phuc-tap-den-don-gian-Bi-quyet-hoc-tap-hieu-qua-tu-ky-thuat-Feynman-sGXZnonPbwxC,Từ phức tạp đến đơn giản: Bí quyết học tập hiệu...
/nguoi-dung/maianhgl123,
/nguoi-dung/maianhgl123,
/nguoi-dung/maianhgl123,Viết Cùng Tiểu Hy 
/bai-dang/Cong-thuc-lua-ga-bang-Youtube-yI4WqjHfbSTT,
javascript:;,
/bai-dang/Cong-thuc-lua-ga-bang-Youtube-yI4WqjHfbSTT,Công thức lùa gà bí truyền
/nguoi-dung/thaiducphuong,
/nguoi-dung/thaiducphuong,
/nguoi-dung/thaiducphuong,Thái Đức Phương 
/top-bai-viet,Xem TOP 10 bài viết 
https://s.shopee.vn/1B2GcP6VG8,
https://b.link/dvxbweb,
/danh-muc/quan-diem-tranh-luan?sort=hot&page_idx=1,Quan điểm - Tranh luận
/danh-muc/khoa-hoc-cong-nghe?sort=hot&page_idx=1,Khoa học - Công nghệ
/danh-muc/tai-chinh?sort=hot&page_idx=1,Tài chính
/danh-muc/fitness?sort=hot&page_idx=1,Fitness
/danh-muc/sach?sort=hot&page_idx=1,Sách
/danh-muc/goc-nhin-thoi-su?sort=hot&page_idx=1,Góc nhìn thời sự
/danh-muc/tam-ly-hoc?sort=hot&page_idx=1,Tâm lý học
/danh-muc/dieu-khac-kien-truc-my-thuat?sort=hot&page_idx=1,Điêu khắc Kiến trúc Mỹ thuật
/danh-muc/lich-su?sort=hot&page_idx=1,Lịch sử
/danh-muc/su-kien-spiderum?sort=hot&page_idx=1,Sự kiện Spiderum
/danh-muc/nguoi-trong-muon-nghe?sort=hot&page_idx=1,Người trong muôn nghề
/danh-muc/the-thao?sort=hot&page_idx=1,Thể thao
/danh-muc/game?sort=hot&page_idx=1,Game
/danh-muc/giao-duc?sort=hot&page_idx=1,Giáo dục
/danh-muc/du-lich?sort=hot&page_idx=1,Du lịch
/danh-muc/fashion?sort=hot&page_idx=1,Fashion
/danh-muc/thinking-out-loud?sort=hot&page_idx=1,Thinking Out Loud
/danh-muc/oto?sort=hot&page_idx=1,Ô tô
/danh-muc/the-brands?sort=hot&page_idx=1,The Brands
/danh-muc/sang-tac?sort=hot&page_idx=1,Sáng tác
/danh-muc/yeu?sort=hot&page_idx=1,Yêu
/danh-muc/xe-may?sort=hot&page_idx=1,Xe máy
/danh-muc/phat-trien-ban-than?sort=hot&page_idx=1,Phát triển bản thân
/danh-muc/nau-an-am-thuc?sort=hot&page_idx=1,Nấu ăn Ẩm thực
/danh-muc/chuyen-tham-kin?sort=hot&page_idx=1,Chuyện thầm kín
/danh-muc/movie?sort=hot&page_idx=1,Movie
/danh-muc/am-nhac?sort=hot&page_idx=1,Âm nhạc
/danh-muc/wtf?sort=hot&page_idx=1,WTF
/danh-muc/life-style?sort=hot&page_idx=1,Life style
/danh-muc/nhiep-anh?sort=hot&page_idx=1,Nhiếp ảnh
https://aboutus.spiderum.com,Liên Hệ
https://aboutus.spiderum.com/dieu-khoan,Điều kiện sử dụng
https://b.link/Spiderum-App-iOS,
https://b.link/Spiderum-App-Android,
/cdn-cgi/l/email-protection,[email protected]
/cdn-cgi/l/email-protection,[email protected]
//www.dmca.com/Protection/Status.aspx?ID=fbb56f60-dc2d-487b-8c05-4f362186f788,
